{"train loss": 0.9221048355102539, "_timestamp": 1652653716, "_runtime": 3455, "_step": 3353, "learning rate": 1.0000000000000004e-08, "validation Dice": 0.9124807119369507, "masks": {"true_1": {"_type": "images/separated", "width": 288, "height": 288, "format": "png", "count": 5, "filenames": ["media/images/true_1_3260_984d248b443e56a9e2c7.png", "media/images/true_1_3260_984d248b443e56a9e2c7.png", "media/images/true_1_3260_984d248b443e56a9e2c7.png", "media/images/true_1_3260_984d248b443e56a9e2c7.png", "media/images/true_1_3260_8a275610eae7267de2a5.png"]}, "pred_1": {"_type": "images/separated", "width": 288, "height": 288, "format": "png", "count": 5, "filenames": ["media/images/pred_1_3260_5ddececd8a5f9132bf2e.png", "media/images/pred_1_3260_87791e688b2dbdd2c46c.png", "media/images/pred_1_3260_2577d49b37f916da5571.png", "media/images/pred_1_3260_8046361102365fc4d11b.png", "media/images/pred_1_3260_c5be283739cc5ce4d15f.png"]}, "true_2": {"_type": "images/separated", "width": 288, "height": 288, "format": "png", "count": 5, "filenames": ["media/images/true_2_3260_984d248b443e56a9e2c7.png", "media/images/true_2_3260_984d248b443e56a9e2c7.png", "media/images/true_2_3260_984d248b443e56a9e2c7.png", "media/images/true_2_3260_984d248b443e56a9e2c7.png", "media/images/true_2_3260_984d248b443e56a9e2c7.png"]}, "pred_2": {"_type": "images/separated", "width": 288, "height": 288, "format": "png", "count": 5, "filenames": ["media/images/pred_2_3260_175b746f4e649184552d.png", "media/images/pred_2_3260_c7e87bf8ea123fa72b8b.png", "media/images/pred_2_3260_f9230a3ae98c4fb8f31f.png", "media/images/pred_2_3260_3955fbd6eb347defa104.png", "media/images/pred_2_3260_26b75725900dace0b851.png"]}}}